<?xml version="1.0" encoding="UTF-8" standalone="yes"?>
<addon id="srhwizard-0.0.1" name="SRH Entertainment Wizard" version="0.0.1" provider-name="SRH Entertainment">
  <requires>
    <import addon="xbmc.python" version="2.1.0"/>
  </requires>
  <extension point="xbmc.python.pluginsource" library="default.py">
        <provides>program executable</provides>
  </extension>
  <extension point="xbmc.addon.metadata">
		<summary lang="en">SRH Entertainment Wizard</summary>
		<description lang="en">Easy Install of SRH Builds and Addons</description>
		<disclaimer lang="en">Note: we are not responsible or have any influence to the content and their availability from Kodi Add-ons</disclaimer>
		<platform>all</platform>
		<facebook>https://www.facebook.com/groups/srhentertainment/</facebook>
		<website>http://srhentertainment.co.uk</website>
	</extension>
</addon>
